{
    "label": "Review Score widget",
    "copyright": "(c) Review Bridge Research GmbH",
    "license": "proprietary",
    "link": "http://store.shopware.com",
    "author": "Review Bridge Research GmbH",
    "description": "Wie findet sich ein User heutzutage \r\n beim Kauf in einem Onlineshop zurecht? Welche Maßnahmen kann der Shopbetreiber ergreifen, um den User bei seinen Entscheidungen bestmöglich zu unterstützen, um ihm ein positives Kauferlebnis zu vermitteln? Eine Vielzahl aller Ecommerce-Kaufentscheidungen resultiert aus der persönlichen Recherche des einzelnen Users. Dabei verlässt sich dieser in der Regel auf die gängigen Bewertungsportale und gestaltet Seine Suche nach bestem Wissen. Dieser Vorgang ist sowohl zeitintensiv als auch überfordernd, aufgrund der riesigen Informationsmengen, welche dem User zur Verfügung stehen.ReviewScore hat diese Situation erkannt. Wir kommen den Usern zuvor und ersparen Ihnen das müßige und ungenaue Sammeln von Erfahrungswerten, indem wir Erfahrungen, Bewertungen und Meinungen aus allen großen Reviewportalen kanalisieren, auswerten und die Analyse frei zur Verfügung stellen. Als erstes Unternehmen bildet ReviewScore darüber hinaus auch die Meinungen und Erfahrungen aus Youtube Videos ab und bietet sowohl den Verbrauchern als auch den Shopbetreibern somit umfangreichere Informationen als je zuvor. Aufgrund der Zusammenfassung von analysierten Bewertungen und Videos setzen wir den Social Commerce auf eine ganz neue Stufe. Das Resultat sind präzise und qualitativ hochwertige Reviews für eine maximale Unterstützung bei der Kaufentscheidung.Für Ihr Unternehmen bedeutet das einen entscheidenen Vorteil, denn durch die Integration unserer ReviewScore-Engine in Ihren Shop steigern Sie nicht nur Ihren Umsatz, sondern werden Teil unserer Review-Community und profitieren von unserem einzigartigen Bewertungssystem.",
    "description_en": "How can a user nowadays find his way around the purchase in an online shop? What measures can the shop owner take to support the user in his decisions in the best possible way in order to give him a positive buying experience?A large number of all ecommerce purchase decisions result from the personal research of the individual user. This usually relies on the common rating portals and designed his search for the best of knowledge. This process is both time consuming and overwhelming due to the huge amount of information available to the user.ReviewScore has recognized this situation. We pre-empt the users and spare you the idle and inexact gathering of experience by channeling, evaluating, and freely sharing the analysis, experiences, ratings, and opinions from all major review portals. In addition, ReviewScore is the first company to review the opinions and experiences from Youtube videos, providing consumers and shop owners with more information than ever before. Pooling analyzed ratings and videos takes social commerce to a whole new level. The result is accurate and high-quality reviews for maximum purchase decision support.For your company this means a decisive advantage, because by integrating our ReviewScore engine into your shop, you not only increase your sales, but also become part of our review community and benefit from our unique rating system.",
    "version": "1.0.0",
    "compatibility": {
        "minimumVersion": "5.2.0",
        "maximumVersion": null,
        "blacklist": [
        ]
    },
    "changelog": {
        "de": {
          
            "1.0.0": "Erste Version"
        },
        "en": {
            "1.0.0": "Initial Release"
        }
    }
}
