{
    "label": "Review Score widget",
    "copyright": "(c) Review Bridge Research GmbH",
    "license": "proprietary",
    "link": "http://store.shopware.com",
    "author": "Review Bridge Research GmbH",
    "description": "Die im Artikel hinterlegte EAN Nummer auf der Artikeldetailseite anzuzeigen, inkl. schema.org Daten. RW-Widget wird zur Produktseite hinzugefügt.",
    "description_en": "The EAN number displayed in the article on the item details page, including schema.org data. RW widget will added to product page. ",
    "version": "1.0.0",
    "compatibility": {
        "minimumVersion": "5.2.0",
        "maximumVersion": null,
        "blacklist": [
        ]
    },
    "changelog": {
        "de": {
          
            "1.0.0": "Erste Version"
        },
        "en": {
            "1.0.0": "Initial Release"
        }
    }
}
